covariate,coef,exp(coef),se(coef),coef lower 95%,coef upper 95%,exp(coef) lower 95%,exp(coef) upper 95%,cmp to,z,p,-log2(p)
years_to_birth,0.0612161901317645,1.0631287272842724,0.0077603220808014775,0.046006238344962674,0.07642614191856632,1.0470809429886887,1.079422463320762,0.0,7.8883568870432965,3.0619108609267545e-15,48.214489139940675
gender,-0.07903507612120306,0.9240075132771328,0.1825870624967121,-0.4368991426577228,0.2788289904153167,0.6460365856579704,1.3215813214711816,0.0,-0.4328624111723483,0.6651147291811755,0.5883248746581059
radiation_therapy,0.27305404354689655,1.3139712545730298,0.2235771820017697,-0.16514918094152886,0.711257268035322,0.8477672239412718,2.0365501391025997,0.0,1.2212965612239233,0.221973754945562,2.171538985195757
race,-0.1717978359423098,0.8421494083017711,0.36841202773423465,-0.8938721417727813,0.5502764698881617,0.4090687100679577,1.7337322763826222,0.0,-0.4663198348840051,0.640986583212412,0.6416339354466138
histological_type_oligoastrocytoma,-0.4848465335236685,0.6157916928943683,0.24596878524461427,-0.9669364939241796,-0.0027565731231574686,0.3802461419721026,0.9972472227358788,0.0,-1.9711709883898152,0.04870432112328982,4.359806413635789
histological_type_oligodendroglioma,-0.8097415210500238,0.44497306753085525,0.22108040263337034,-1.2430511478990438,-0.37643189420100387,0.28850260953323165,0.6863058575039058,0.0,-3.6626562617260214,0.00024961339106944813,11.96801704666634
IDH1,-0.4448990279373376,0.6408889846481002,0.1947065030726431,-0.8265167615154554,-0.06328129435921975,0.4375707983330367,0.9386793913305387,0.0,-2.2849726173313796,0.022314433424674488,5.4858790135138555
