covariate,coef,exp(coef),se(coef),coef lower 95%,coef upper 95%,exp(coef) lower 95%,exp(coef) upper 95%,cmp to,z,p,-log2(p)
years_to_birth,0.06233512515245582,1.0643189650238958,0.0076586905150720285,0.04732436757417612,0.0773458827307355,1.0484620410178676,1.0804157089080848,0.0,8.139136191726578,3.9810795808786787e-16,51.15768980733335
gender,-0.03927422841524933,0.9614870059326424,0.18073171371193886,-0.3935018781548534,0.31495342132435467,0.6746900504032897,1.3701954875794173,0.0,-0.2173067892104812,0.8279692664880066,0.2723508777765858
radiation_therapy,0.23047264876377077,1.2591950262740457,0.2198257661975512,-0.20037793585735203,0.6613232333848935,0.8184213838334246,1.9373542108181403,0.0,1.0484332785477546,0.2944390278303862,1.7639591818974465
race,-0.15445167847680275,0.8568848971251466,0.3509070571093109,-0.842216872331992,0.5333135153783866,0.43075453635642386,1.704571083875071,0.0,-0.440149821292108,0.6598285998661115,0.5998367828972462
histological_type_oligoastrocytoma,-0.5597419850440258,0.5713564633450954,0.24466452792677867,-1.0392756480750063,-0.0802083220130454,0.3537108002867585,0.9229240609604203,0.0,-2.2877937794543763,0.022149533270626347,5.496579890779852
histological_type_oligodendroglioma,-0.8830619802011542,0.41351479707992755,0.2187403579886035,-1.3117852038242153,-0.4543387565780931,0.2693388022843203,0.6348676312280765,0.0,-4.037032710018525,5.4131523781648304e-05,14.173171474500167
ATRX,-0.13468939943198877,0.8739873304957211,0.2170584376954994,-0.5601161198556988,0.2907373209917213,0.5711427389856382,1.337413227424825,0.0,-0.6205213713964803,0.5349145882233901,0.9026195453993183
