covariate,coef,exp(coef),se(coef),coef lower 95%,coef upper 95%,exp(coef) lower 95%,exp(coef) upper 95%,cmp to,z,p,-log2(p)
years_to_birth,0.06636408890938728,1.068615717477477,0.007781761751248824,0.05111211614066824,0.08161606167810631,1.0524408822788476,1.0850391417399754,0.0,8.528157380137872,1.486971566466423e-17,55.900400552318956
gender,-0.1442509102107865,0.8656705152359284,0.18311895661694047,-0.5031574700665424,0.21465564964496942,0.6046185775697763,1.2394350235828713,0.0,-0.7877442776857858,0.43084630056913187,1.2147547985517329
radiation_therapy,0.27083124050897706,1.311053798942472,0.22238305382478366,-0.1650315357596312,0.7066940167775853,0.8478669655374834,2.0272780207114915,0.0,1.2178591662041205,0.2232774958193001,2.1630902459034242
race,0.13345645656044283,1.1427715048497793,0.37457164157191375,-0.6006904705505542,0.8676033836714399,0.5484328286142562,2.3811971934582368,0.0,0.35629087135476756,0.721622744981684,0.47068328296377704
histological_type_astrocytoma,0.5195485391902499,1.681268451521138,0.24415581283238996,0.041011939422663235,0.9980851389578366,1.0418645447323784,2.7130816768569126,0.0,2.127938438831738,0.03334218803374128,4.906507407530487
histological_type_oligodendroglioma,-0.39856696307806616,0.6712813280229039,0.2596252044760696,-0.9074230133300099,0.11028908717387753,0.4035628612957214,1.1166008187804741,0.0,-1.535162827824766,0.12474383663436922,3.002959558496709
MUC16,-2.240576595937397,0.1063971385314758,1.0288341407058657,-4.257054457786108,-0.22409873408868597,0.014163961572360535,0.7992362186139019,0.0,-2.1777821198664493,0.02942226168321083,5.086948039247952
