covariate,coef,exp(coef),se(coef),coef lower 95%,coef upper 95%,exp(coef) lower 95%,exp(coef) upper 95%,cmp to,z,p,-log2(p)
years_to_birth,0.06328447256357907,1.0653298532440851,0.0077576771444848305,0.048079704756699274,0.07848924037045886,1.0492542825489886,1.0816517169278985,0.0,8.157657425659938,3.415847028237908e-16,51.378606149956056
gender,-0.03703517868197072,0.963642235089052,0.1834277126319866,-0.39654688920722714,0.32247653184328573,0.6726387364646899,1.3805424916918547,0.0,-0.2019061250372504,0.839990113604991,0.251555746920949
radiation_therapy,0.18277660685148955,1.2005461843302225,0.22392408384550186,-0.25610653275682144,0.6216597464598006,0.7740595017069427,1.8620159529487101,0.0,0.8162436291470894,0.41436080805383757,1.2710405414291974
race,-0.19900949075227728,0.8195421152248192,0.36974782992767047,-0.9237019207723525,0.525682939267798,0.3970464824974446,1.6916137234171156,0.0,-0.5382303144042988,0.5904180540244348,0.7601912575451389
histological_type_oligoastrocytoma,-0.5561279415848159,0.5734251062654345,0.24478788620820224,-1.0359033824045814,-0.07635250076505051,0.35490562056922587,0.9264895607123467,0.0,-2.271876889822097,0.023093947097705757,5.436341417631747
histological_type_oligodendroglioma,-0.9635422332845051,0.3815389893744705,0.22707235018529318,-1.4085958615325467,-0.5184886050364634,0.24448633491860952,0.5954197827103663,0.0,-4.243326994670402,2.202301680169146e-05,15.470628365810347
PIK3CA,0.42380409327350804,1.5277622655605043,0.40933567960222056,-0.3784790963340711,1.2260872828810871,0.6849022878740582,3.4078693872019277,0.0,1.035346084869385,0.30050731492685245,1.734527985547405
