covariate,coef,exp(coef),se(coef),coef lower 95%,coef upper 95%,exp(coef) lower 95%,exp(coef) upper 95%,cmp to,z,p,-log2(p)
years_to_birth,0.06347367092605743,1.0655314309763053,0.007760495632865055,0.04826337898346156,0.07868396286865331,1.049447021218034,1.08186235936014,0.0,8.179074369586873,2.8603254078053913e-16,51.634670232200584
gender,-0.06630374882803276,0.9358465588196179,0.18350215170334977,-0.42596135725220363,0.29335385959613813,0.653141580818409,1.3409172029089034,0.0,-0.3613240946363378,0.7178571837596762,0.47823124356321944
radiation_therapy,0.2140792636746032,1.2387208364675868,0.22041247039270737,-0.21792124003860422,0.6460797673878106,0.8041887770494162,1.9080461634005985,0.0,0.971266568053884,0.3314155523867396,1.5932867891754492
race,-0.2682717006221906,0.764699983413479,0.36913173961736123,-0.9917566158228357,0.4552132145784545,0.3709245464786048,1.576509482006753,0.0,-0.7267641111010359,0.4673704718299053,1.0973615064453976
histological_type_oligoastrocytoma,-0.55336368023507,0.5750123959547022,0.24483964879336395,-1.033240573857499,-0.07348678661264096,0.35585192564455465,0.9291484229084338,0.0,-2.2601064940347526,0.023814642201074772,5.392007316429194
histological_type_oligodendroglioma,-0.8437343778585819,0.4301013596918444,0.21885371755450364,-1.2726797821481104,-0.4147889735690533,0.2800800616701544,0.6604796446618525,0.0,-3.8552435265279743,0.0001156144823534378,13.07839025237851
TTN,0.20673778681818536,1.2296600964175228,0.3746874444133575,-0.5276361096913489,0.9411116833277196,0.5899980131140492,2.5628288894411293,0.0,0.5517606471758658,0.5811123524481698,0.7831109731689192
