covariate,coef,exp(coef),se(coef),coef lower 95%,coef upper 95%,exp(coef) lower 95%,exp(coef) upper 95%,cmp to,z,p,-log2(p)
years_to_birth,0.05577664505505129,1.0573614904426343,0.007187623088559308,0.0416891626670265,0.06986412744307607,1.0425703585893484,1.0723624667248346,0.0,7.760095982750147,8.486513364586045e-15,46.743749470802335
gender,-0.0009304524256929595,0.9990699803109413,0.17397100906609891,-0.34190736454933807,0.34004645969795216,0.7104140111832065,1.4050128655206058,0.0,-0.005348318841672301,0.9957326793140944,0.0061696156380925595
radiation_therapy,0.34593543294887213,1.413311359524824,0.21600643737270808,-0.07742940473044246,0.7693002706281867,0.925492357472956,2.1582555305112545,0.0,1.6015052012175832,0.10926506894059303,3.194095836793499
race,-0.3552045491820392,0.7010300334219738,0.35525245561495616,-1.0514865676067673,0.34107746924268895,0.3494179294581987,1.4064621942029039,0.0,-0.9998651482004987,0.3173757726384069,1.6557360928279214
histological_type_astrocytoma,0.38022758391498757,1.4626174197578914,0.22326043110906454,-0.05735482023166483,0.81780998806164,0.9442589677339367,2.2655328566410895,0.0,1.703067498464353,0.08855543743653548,3.497275296440833
histological_type_oligodendroglioma,-0.41456275070616966,0.6606290771598307,0.24030752384093773,-0.885556842648408,0.05643134123606869,0.412484420399803,1.058053967628732,0.0,-1.725134294923589,0.08450327333898543,3.5648489627177056
TP53,-0.1254894157292811,0.8820651003934399,0.18927868751504226,-0.49646882629977507,0.2454899948412129,0.6086762107538559,1.2782474944576439,0.0,-0.6629875628195503,0.5073385195689797,0.9789793939463112
