covariate,coef,exp(coef),se(coef),coef lower 95%,coef upper 95%,exp(coef) lower 95%,exp(coef) upper 95%,cmp to,z,p,-log2(p)
years_to_birth,0.06556352430828485,1.0677605639103926,0.007785045719388782,0.05030511508028512,0.08082193353628458,1.0515919039801265,1.0841778236662671,0.0,8.421726303417568,3.7097690625468095e-17,54.58144823289365
gender,-0.017498618695277777,0.982653593008184,0.18344490903368055,-0.37704403354851806,0.34204679615796246,0.6858858712422709,1.4078261768287958,0.0,-0.09538895784818441,0.9240058864453625,0.11402605242516113
radiation_therapy,0.20154272729085396,1.2232885037498928,0.22302658766914732,-0.23558135213553968,0.6386668067172476,0.7901113831458595,1.8939541883937148,0.0,0.9036713039336639,0.36616971965066514,1.4494156022667137
race,-0.16902237149558952,0.8444900106701568,0.3706992554116396,-0.8955795611982179,0.5575348182070389,0.40837085414196866,1.7463620894789738,0.0,-0.45595551927370387,0.6484219644860509,0.6249951337074189
histological_type_astrocytoma,0.6215517900178351,1.8618149471816756,0.2425242439372449,0.14621300652302854,1.0968905735126417,1.1574427046411637,2.9948392984374657,0.0,2.562843944701325,0.010381870068886958,6.589789852426993
histological_type_oligodendroglioma,-0.2781011257476746,0.7572202431791343,0.25143491458851075,-0.7709045027970602,0.2147022513017111,0.4625944610401283,1.2394927846542643,0.0,-1.1060561187486821,0.26870223022871964,1.8959197991166292
NF1,1.7394142387315163,5.694007116796516,0.2877300750472587,1.1754736543698825,2.30335482309315,3.2396770676871642,10.007700264173408,0.0,6.045298665583788,1.491334777392904e-09,29.320748701348
