covariate,coef,exp(coef),se(coef),coef lower 95%,coef upper 95%,exp(coef) lower 95%,exp(coef) upper 95%,cmp to,z,p,-log2(p)
years_to_birth,0.06723756673675423,1.0695495373887904,0.007215081413051271,0.05309626702164937,0.08137886645185907,1.0545311568068658,1.0847818061558554,0.0,9.319030914208263,1.1740771936930176e-20,66.20703463129509
histological_type_astrocytoma,0.4886524249325133,1.6301180327588942,0.22029640853995883,0.05687939827067201,0.9204254515943546,1.0585281423726502,2.5103581986677517,0.0,2.21815883504918,0.026544004402179956,5.2354701591051
MUC16,-3.0432985744883214,0.04767736249815856,1.0505787978413557,-5.102395181178765,-0.9842019677978779,0.006082161227127087,0.3737373624103238,0.0,-2.8967827836821427,0.0037701069336283774,8.051178840630353
NF1,1.7666375917312365,5.851146305646152,0.28733436950743313,1.2034725759761438,2.329802607486329,3.3316663224784975,10.275912944549557,0.0,6.148368518391027,7.828398125203363e-10,30.250563820572296
IDH1,-0.7520028657788561,0.47142141274767807,0.3341986307631484,-1.4070201457572267,-0.09698558580048555,0.24487187956801226,0.9075690879208971,0.0,-2.2501674051196576,0.024438320550806813,5.354711046036858
ATRX,0.9901693394900294,2.691690243211273,0.3616374812042733,0.281372900869873,1.698965778110186,1.3249475859337054,5.468289042009907,0.0,2.7380163587930912,0.006181100119953368,7.337920651006166
